name,slug,product_code,brand_slug,category_slug,price,discount_price,currency,stock_status,short_description,description,is_featured,is_active,model-yili,renk,mensei-ulke,uretici,garanti-suresi,sertifikalar,bakim-talimati,paket-icerigi,oem-kodu,mpn,ean,upc,cerceve-geometrisi,bisiklet-jant-malzemesi,krank-seti,vites-aktarici,sele-malzemesi,uzunluk,genislik,yukseklik,cerceve-malzemesi,cerceve-bedeni,bisiklet-jant-capi,bisiklet-lastik-genisligi,bisiklet-vites-sayisi,vites-grubu-markasi,bisiklet-sanziman-tipi,bisiklet-fren-tipi,fren-mekanizmasi,bisiklet-on-suspansiyon,bisiklet-arka-suspansiyon,suspansiyon-seyahati,bisiklet-agirlik,bisiklet-tasima-kapasitesi,camurluk,bisiklet-bagaj,bisiklet-isik,standart-kickstand,elektrikli-motor-gucu,elektrikli-motor-tipi,surus-modlari,elektrikli-batarya-kapasitesi,elektrikli-batarya-tipi,elektrikli-batarya-garantisi,elektrikli-sarj-suresi-min,elektrikli-sarj-suresi-max,hizli-sarj-destegi,sarj-soketi-tipi,elektrikli-menzil-min,elektrikli-menzil-max,elektrikli-maksimum-hiz,gosterge-paneli
Mondial Vespucci T,mondial-vespucci-t,,mondial,e-bisiklet,30400,,TRY,in_stock,"Mondial Vespucci T elektrikli bisiklet; 250W motor, 7 vites.",,,TRUE,2026,,,Mondial,24,,,,,,,,,alüminyum,,Microshift 7 vites,,,,,çelik,L,20,,7,Microshift,,Disk,Mekanik,teleskopik çatal amortisör,,,34,120,,,,,250W,Hub Motor (Göbek Motor),,36V-10Ah,Li-ion,6,3,5,,,30,45,25,Dijital
Mondial Prostreet ST,mondial-prostreet-st,,mondial,e-bisiklet,37800,,TRY,in_stock,"Mondial Prostreet ST elektrikli bisiklet; 250W motor, 7 vites.","Konfor Seninle
Prostreet ST, OKAWA motoru ve 40 Nm torkuyla şehir içinde dengeli ve akıcı bir sürüş deneyimi sunuyor.

4-6 saatlik şarj süresiyle kullanıma hazır hâle gelen bataryası, 30-45 km menzili sayesinde kısa şehir içi rotalarda, günlük işlerini tamamlarken pratik bir kullanım sağlıyor.

Microshift 7 vites sistemi, farklı hızlarda daha akıcı geçişler sunarken mekanik fren yapısı özellikle düz yollarda güvenli ve kontrollü duruş sağlıyor. Ekstra geniş “Fat” lastikleri engebeli zeminlerde darbeleri en aza indirerek konforu artırırken, eğimli kadro yapısı bisiklete biniş ve inişleri her kullanıcı için daha zahmetsiz hâle getiriyor.",,TRUE,2026,,,Mondial,24,,,,,,,,,alüminyum,,Microshift 7 vites,,,,,çelik,L,20,,7,Microshift,,Disk,Mekanik,teleskopik çatal amortisör,,,34,120,,,,,250W,Hub Motor (Göbek Motor),,36V-10Ah,Li-ion,6,3,5,,,30,45,25,Dijital
Mondial Prostreet T,mondial-prostreet-t,,mondial,e-bisiklet,38100,,TRY,in_stock,"Mondial Prostreet T elektrikli bisiklet; 250W motor, 7 vites.",,,TRUE,2026,,,Mondial,24,,,,,,,,,alüminyum,,Microshift 7 vites,,,,,çelik,L,20,,7,Microshift,,Disk,Mekanik,teleskopik çatal amortisör,,,34,120,,,,,250W,Hub Motor (Göbek Motor),,36V-10Ah,Li-ion,6,3,5,,,30,45,25,Dijital
Mondial Starlight SM,mondial-starlight-sm,,mondial,e-bisiklet,39800,,TRY,in_stock,"Mondial Starlight SM elektrikli bisiklet; 250W motor, 7 vites.",,,TRUE,2026,,,Mondial,24,,,,,,,,,alüminyum,,Microshift 7 vites,,,,,çelik,,20,,7,Microshift,,Disk,Mekanik,teleskopik çatal amortisör,,,34,120,,,,,250W,Hub Motor (Göbek Motor),,36V-10Ah,Li-ion,6,3,5,,,30,45,25,Dijital
Mondial Starlight M,mondial-starlight-m,,mondial,e-bisiklet,40000,,TRY,in_stock,"Mondial Starlight M elektrikli bisiklet; 250W motor, 7 vites.",,,TRUE,2026,,,Mondial,24,,,,,,,,,alüminyum,,Microshift 7 vites,,,,,çelik,,20,,7,Microshift,,Disk,Mekanik,teleskopik çatal amortisör,,,34,120,,,,,250W,Hub Motor (Göbek Motor),,36V-10Ah,Li-ion,6,3,5,,,30,45,25,Dijital
Mondial Miracle S,mondial-miracle-s,,mondial,e-bisiklet,47000,,TRY,in_stock,"Mondial Miracle S elektrikli bisiklet; 250W motor, 7 vites.",,,TRUE,2026,,,Mondial,24,,,,,,,,,alüminyum,,Microshift 7 vites,,,,,çelik,,20,,7,Microshift,,Disk,Mekanik,teleskopik çatal amortisör,,,34,120,,,,,250W,Hub Motor (Göbek Motor),,36V-10Ah,Li-ion,6,3,5,,,30,45,25,Dijital
Mondial Imperial,mondial-imperial,,mondial,e-bisiklet,47100,,TRY,in_stock,"Mondial Imperial elektrikli bisiklet; 250W motor, 7 vites.",,,TRUE,2026,,,Mondial,24,,,,,,,,,alüminyum,,Microshift 7 vites,,,,,çelik,,20,,7,Microshift,,Disk,Mekanik,teleskopik çatal amortisör,,,34,120,,,,,250W,Hub Motor (Göbek Motor),,36V-10Ah,Li-ion,6,3,5,,,30,45,25,Dijital
Mondial Miracle M,mondial-miracle-m,,mondial,e-bisiklet,47200,,TRY,in_stock,"Mondial Miracle M elektrikli bisiklet; 250W motor, 7 vites.",,,TRUE,2026,,,Mondial,24,,,,,,,,,alüminyum,,Microshift 7 vites,,,,,çelik,,20,,7,Microshift,,Disk,Mekanik,teleskopik çatal amortisör,,,34,120,,,,,250W,Hub Motor (Göbek Motor),,36V-10Ah,Li-ion,6,3,5,,,30,45,25,Dijital
Mondial Imperial Pro,mondial-imperial-pro,,mondial,e-bisiklet,59100,,TRY,in_stock,"Mondial Imperial Pro elektrikli bisiklet; 250W motor, 7 vites.",,,TRUE,2026,,,Mondial,24,,,,,,,,,alüminyum,,Microshift 7 vites,,,,,çelik,,20,,7,Microshift,,Disk,Mekanik,teleskopik çatal amortisör,,,34,120,,,,,250W,Hub Motor (Göbek Motor),,36V-10Ah,Li-ion,6,3,5,,,30,45,25,Dijital
